pathway,astronauts,avg_total_flights,pct_multi_mission,avg_total_days_in_space
Academic,146,2.135135135135135,0.6301369863013698,106.13903903903905
Military,211,2.5686274509803924,0.7488151658767772,50.56695261437908
