is_military,astronauts,avg_total_flights,avg_days_in_space
False,146,2.135135135135135,106.13903903903905
True,211,2.5686274509803924,50.56695261437908
